{"mean":{"confidence_interval":{"confidence_level":0.95,"lower_bound":-0.03616911715848821,"upper_bound":0.009763197957881255},"point_estimate":-0.01485930989824813,"standard_error":0.011736757410129058},"median":{"confidence_interval":{"confidence_level":0.95,"lower_bound":-0.02201194135664697,"upper_bound":0.006237313493119734},"point_estimate":-0.0055021370333852015,"standard_error":0.007394952452078669}}