{"mean":{"confidence_interval":{"confidence_level":0.95,"lower_bound":2.665484933197041,"upper_bound":2.95574877731506},"point_estimate":2.795302945129494,"standard_error":0.07417342672466834},"median":{"confidence_interval":{"confidence_level":0.95,"lower_bound":2.406165259426387,"upper_bound":2.6208976729889217},"point_estimate":2.5083789721245084,"standard_error":0.05366581571525023}}