{"mean":{"confidence_interval":{"confidence_level":0.95,"lower_bound":2.564199683658142,"upper_bound":2.726747287307197},"point_estimate":2.638279911026467,"standard_error":0.040885622890111724},"median":{"confidence_interval":{"confidence_level":0.95,"lower_bound":2.6058553463516394,"upper_bound":2.680689495615349},"point_estimate":2.6451403468020867,"standard_error":0.017635574210440964}}