{"mean":{"confidence_interval":{"confidence_level":0.95,"lower_bound":-0.7508434847186911,"upper_bound":-0.7342058481898717},"point_estimate":-0.7425676373344727,"standard_error":0.0042565430480595535},"median":{"confidence_interval":{"confidence_level":0.95,"lower_bound":-0.7306816018720516,"upper_bound":-0.7224630703238275},"point_estimate":-0.7254968146495975,"standard_error":0.002114474276027714}}