{"mean":{"confidence_interval":{"confidence_level":0.95,"lower_bound":-0.692418468539834,"upper_bound":-0.6750918175107642},"point_estimate":-0.6843324471271741,"standard_error":0.004424236226675063},"median":{"confidence_interval":{"confidence_level":0.95,"lower_bound":-0.7050179042169107,"upper_bound":-0.6837950392296167},"point_estimate":-0.6935054332006287,"standard_error":0.005455112391966487}}