{"mean":{"confidence_interval":{"confidence_level":0.95,"lower_bound":-0.0071523361428830565,"upper_bound":0.05473785237774489},"point_estimate":0.02390847630926518,"standard_error":0.015852411333851294},"median":{"confidence_interval":{"confidence_level":0.95,"lower_bound":0.010964897768740212,"upper_bound":0.04701670439010264},"point_estimate":0.02993737984964273,"standard_error":0.009516168972704731}}