{"mean":{"confidence_interval":{"confidence_level":0.95,"lower_bound":-0.6972750204111001,"upper_bound":-0.6728703257568353},"point_estimate":-0.6857166128545373,"standard_error":0.0062166517995578575},"median":{"confidence_interval":{"confidence_level":0.95,"lower_bound":-0.7200940386848065,"upper_bound":-0.7021184355425283},"point_estimate":-0.713723162344549,"standard_error":0.004861022008632471}}