{"mean":{"confidence_interval":{"confidence_level":0.95,"lower_bound":-0.7152402569448658,"upper_bound":-0.6993037310292053},"point_estimate":-0.7073726935293372,"standard_error":0.004056846391891981},"median":{"confidence_interval":{"confidence_level":0.95,"lower_bound":-0.7160054715504103,"upper_bound":-0.7104512059031619},"point_estimate":-0.713329885256964,"standard_error":0.0013147620407187267}}