{"mean":{"confidence_interval":{"confidence_level":0.95,"lower_bound":-0.0419285238489074,"upper_bound":0.0005771146157198347},"point_estimate":-0.02040775010526119,"standard_error":0.010738148210823611},"median":{"confidence_interval":{"confidence_level":0.95,"lower_bound":-0.07280664595852127,"upper_bound":-0.019362548596372653},"point_estimate":-0.0519543417894166,"standard_error":0.013982620710371742}}